y,lp4,lp3,lp2,lp1
1,0,1,1,1
0,1,1,1,1
0,1,1,1,0
0,1,1,0,0
1,1,0,0,0
1,0,0,0,1
1,0,0,1,1
1,0,1,1,1
1,1,1,1,1
0,1,1,1,1
1,1,1,1,0
1,1,1,0,1
1,1,0,1,1
0,0,1,1,1
1,1,1,1,0
1,1,1,0,1
1,1,0,1,1
1,0,1,1,1
0,1,1,1,1
1,1,1,1,0
1,1,1,0,1
1,1,0,1,1
1,0,1,1,1
0,1,1,1,1
1,1,1,1,0
1,1,1,0,1
1,1,0,1,1
1,0,1,1,1
0,1,1,1,1
1,1,1,1,0
1,1,1,0,1
1,1,0,1,1
1,0,1,1,1
0,1,1,1,1
1,1,1,1,0
1,1,1,0,1
1,1,0,1,1
1,0,1,1,1
0,1,1,1,1
1,1,1,1,0
1,1,1,0,1
1,1,0,1,1
1,0,1,1,1
0,1,1,1,1
1,1,1,1,0
1,1,1,0,1
1,1,0,1,1
1,0,1,1,1
0,1,1,1,1
0,1,1,1,0
0,1,1,0,0
1,1,0,0,0
1,0,0,0,1
0,0,0,1,1
0,0,1,1,0
0,1,1,0,0
1,1,0,0,0
1,0,0,0,1
0,0,0,1,1
0,0,1,1,0
0,1,1,0,0
1,1,0,0,0
1,0,0,0,1
0,0,0,1,1
0,0,1,1,0
0,1,1,0,0
1,1,0,0,0
0,0,0,0,1
1,0,0,1,0
0,0,1,0,1
0,1,0,1,0
1,0,1,0,0
0,1,0,0,1
1,0,0,1,0
1,0,1,0,1
1,1,0,1,1
1,0,1,1,1
0,1,1,1,1
0,1,1,1,0
0,1,1,0,0
1,1,0,0,0
1,0,0,0,1
1,0,0,1,1
1,0,1,1,1
0,1,1,1,1
1,1,1,1,0
0,1,1,0,1
1,1,0,1,0
0,0,1,0,1
0,1,0,1,0
1,0,1,0,0
0,1,0,0,1
1,0,0,1,0
0,0,1,0,1
0,1,0,1,0
1,0,1,0,0
0,1,0,0,1
1,0,0,1,0
1,0,1,0,1
1,1,0,1,1
1,0,1,1,1
0,1,1,1,1
1,1,1,1,0
1,1,1,0,1
1,1,0,1,1
1,0,1,1,1
0,1,1,1,1
1,1,1,1,0
1,1,1,0,1
1,1,0,1,1
1,0,1,1,1
0,1,1,1,1
1,1,1,1,0
1,1,1,0,1
1,1,0,1,1
1,0,1,1,1
0,1,1,1,1
1,1,1,1,0
1,1,1,0,1
1,1,0,1,1
1,0,1,1,1
0,1,1,1,1
0,1,1,1,0
1,1,1,0,0
0,1,0,0,1
1,0,0,1,0
0,0,1,0,1
0,1,0,1,0
1,0,1,0,0
0,1,0,0,1
1,0,0,1,0
1,0,1,0,1
0,1,0,1,1
0,0,1,1,0
0,1,1,0,0
1,1,0,0,0
1,0,0,0,1
0,0,0,1,1
0,0,1,1,0
0,1,1,0,0
1,1,0,0,0
1,0,0,0,1
0,0,0,1,1
0,0,1,1,0
0,1,1,0,0
1,1,0,0,0
1,0,0,0,1
0,0,0,1,1
0,0,1,1,0
0,1,1,0,0
1,1,0,0,0
1,0,0,0,1
0,0,0,1,1
0,0,1,1,0
0,1,1,0,0
1,1,0,0,0
0,0,0,0,1
1,0,0,1,0
0,0,1,0,1
0,1,0,1,0
1,0,1,0,0
0,1,0,0,1
1,0,0,1,0
0,0,1,0,1
1,1,0,1,0
1,0,1,0,1
1,1,0,1,1
1,0,1,1,1
0,1,1,1,1
1,1,1,1,0
1,1,1,0,1
1,1,0,1,1
1,0,1,1,1
0,1,1,1,1
1,1,1,1,0
1,1,1,0,1
1,1,0,1,1
1,0,1,1,1
0,1,1,1,1
0,1,1,1,0
0,1,1,0,0
1,1,0,0,0
1,0,0,0,1
0,0,0,1,1
0,0,1,1,0
1,1,1,0,0
0,1,0,0,1
1,0,0,1,0
0,0,1,0,1
0,1,0,1,0
1,0,1,0,0
0,1,0,0,1
0,0,0,1,0
1,0,1,0,0
0,1,0,0,1
1,0,0,1,0
0,0,1,0,1
1,1,0,1,0
0,0,1,0,1
0,1,0,1,0
1,0,1,0,0
0,1,0,0,1
1,0,0,1,0
1,0,1,0,1
1,1,0,1,1
1,0,1,1,1
0,1,1,1,1
1,1,1,1,0
1,1,1,0,1
1,1,0,1,1
1,0,1,1,1
0,1,1,1,1
1,1,1,1,0
1,1,1,0,1
1,1,0,1,1
1,0,1,1,1
0,1,1,1,1
1,1,1,1,0
1,1,1,0,1
0,1,0,1,1
0,0,1,1,0
0,1,1,0,0
1,1,0,0,0
1,0,0,0,1
1,0,0,1,1
1,0,1,1,1
0,1,1,1,1
1,1,1,1,0
0,1,1,0,1
0,1,0,1,0
1,0,1,0,0
0,1,0,0,1
1,0,0,1,0
0,0,1,0,1
0,1,0,1,0
0,0,1,0,0
1,1,0,0,0
1,0,0,0,1
0,0,0,1,1
0,0,1,1,0
0,1,1,0,0
1,1,0,0,0
1,0,0,0,1
0,0,0,1,1
0,0,1,1,0
0,1,1,0,0
1,1,0,0,0
1,0,0,0,1
0,0,0,1,1
0,0,1,1,0
0,1,1,0,0
1,1,0,0,0
1,0,0,0,1
0,0,0,1,1
0,0,1,1,0
0,1,1,0,0
1,1,0,0,0
1,0,0,0,1
0,0,0,1,1
0,0,1,1,0
0,1,1,0,0
1,1,0,0,0
1,0,0,0,1
0,0,0,1,1
0,0,1,1,0
0,1,1,0,0
1,1,0,0,0
0,0,0,0,1
0,0,0,1,0
1,0,1,0,0
0,1,0,0,1
1,0,0,1,0
0,0,1,0,1
0,1,0,1,0
1,0,1,0,0
0,1,0,0,1
1,0,0,1,0
0,0,1,0,1
0,1,0,1,0
1,0,1,0,0
0,1,0,0,1
1,0,0,1,0
0,0,1,0,1
0,1,0,1,0
1,0,1,0,0
0,1,0,0,1
1,0,0,1,0
0,0,1,0,1
0,1,0,1,0
1,0,1,0,0
0,1,0,0,1
1,0,0,1,0
0,0,1,0,1
0,1,0,1,0
1,0,1,0,0
0,1,0,0,1
1,0,0,1,0
0,0,1,0,1
0,1,0,1,0
1,0,1,0,0
0,1,0,0,1
1,0,0,1,0
1,0,1,0,1
1,1,0,1,1
1,0,1,1,1
1,1,1,1,1
0,1,1,1,1
0,1,1,1,0
0,1,1,0,0
1,1,0,0,0
0,0,0,0,1
1,0,0,1,0
0,0,1,0,1
0,1,0,1,0
0,0,1,0,0
1,1,0,0,0
1,0,0,0,1
0,0,0,1,1
1,0,1,1,0
0,1,1,0,1
0,1,0,1,0
1,0,1,0,0
0,1,0,0,1
1,0,0,1,0
0,0,1,0,1
0,1,0,1,0
1,0,1,0,0
0,1,0,0,1
1,0,0,1,0
0,0,1,0,1
0,1,0,1,0
1,0,1,0,0
0,1,0,0,1
1,0,0,1,0
0,0,1,0,1
0,1,0,1,0
1,0,1,0,0
0,1,0,0,1
1,0,0,1,0
0,0,1,0,1
0,1,0,1,0
0,0,1,0,0
1,1,0,0,0
0,0,0,0,1
1,0,0,1,0
0,0,1,0,1
0,1,0,1,0
1,0,1,0,0
0,1,0,0,1
1,0,0,1,0
0,0,1,0,1
1,1,0,1,0
0,0,1,0,1
0,1,0,1,0
1,0,1,0,0
0,1,0,0,1
1,0,0,1,0
0,0,1,0,1
1,1,0,1,0
0,0,1,0,1
0,1,0,1,0
1,0,1,0,0
0,1,0,0,1
1,0,0,1,0
0,0,1,0,1
0,1,0,1,0
1,0,1,0,0
0,1,0,0,1
1,0,0,1,0
0,0,1,0,1
0,1,0,1,0
1,0,1,0,0
1,1,0,0,1
0,0,0,1,1
0,0,1,1,0
0,1,1,0,0
1,1,0,0,0
1,0,0,0,1
1,0,0,1,1
1,0,1,1,1
0,1,1,1,1
1,1,1,1,0
1,1,1,0,1
1,1,0,1,1
1,0,1,1,1
0,1,1,1,1
1,1,1,1,0
1,1,1,0,1
1,1,0,1,1
1,0,1,1,1
0,1,1,1,1
1,1,1,1,0
1,1,1,0,1
1,1,0,1,1
0,0,1,1,1
0,1,1,1,0
0,1,1,0,0
0,1,0,0,0
1,0,0,0,0
1,0,0,0,1
0,0,0,1,1
0,0,1,1,0
1,1,1,0,0
0,1,0,0,1
1,0,0,1,0
1,0,1,0,1
1,1,0,1,1
1,0,1,1,1
0,1,1,1,1
1,1,1,1,0
1,1,1,0,1
0,1,0,1,1
1,0,1,1,0
1,1,1,0,1
1,1,0,1,1
1,0,1,1,1
0,1,1,1,1
1,1,1,1,0
1,1,1,0,1
1,1,0,1,1
1,0,1,1,1
0,1,1,1,1
1,1,1,1,0
0,1,1,0,1
0,1,0,1,0
1,0,1,0,0
0,1,0,0,1
1,0,0,1,0
1,0,1,0,1
1,1,0,1,1
1,0,1,1,1
0,1,1,1,1
1,1,1,1,0
1,1,1,0,1
1,1,0,1,1
1,0,1,1,1
1,1,1,1,1
0,1,1,1,1
1,1,1,1,0
1,1,1,0,1
1,1,0,1,1
1,0,1,1,1
0,1,1,1,1
1,1,1,1,0
1,1,1,0,1
1,1,0,1,1
1,0,1,1,1
0,1,1,1,1
1,1,1,1,0
0,1,1,0,1
0,1,0,1,0
1,0,1,0,0
0,1,0,0,1
1,0,0,1,0
1,0,1,0,1
1,1,0,1,1
0,0,1,1,1
0,1,1,1,0
0,1,1,0,0
0,1,0,0,0
0,0,0,0,0
0,0,0,0,0
0,0,0,0,0
0,0,0,0,0
0,0,0,0,0
0,0,0,0,0
0,0,0,0,0
0,0,0,0,0
0,0,0,0,0
0,0,0,0,0
0,0,0,0,0
0,0,0,0,0
0,0,0,0,0
0,0,0,0,0
0,0,0,0,0
0,0,0,0,0
0,0,0,0,0
0,0,0,0,0
1,0,0,0,0
1,0,0,0,1
0,0,0,1,1
0,0,1,1,0
0,1,1,0,0
1,1,0,0,0
0,0,0,0,1
1,0,0,1,0
0,0,1,0,1
0,1,0,1,0
1,0,1,0,0
0,1,0,0,1
1,0,0,1,0
0,0,1,0,1
1,1,0,1,0
0,0,1,0,1
1,1,0,1,0
0,0,1,0,1
0,1,0,1,0
1,0,1,0,0
0,1,0,0,1
1,0,0,1,0
0,0,1,0,1
1,1,0,1,0
0,0,1,0,1
1,1,0,1,0
1,0,1,0,1
1,1,0,1,1
1,0,1,1,1
0,1,1,1,1
1,1,1,1,0
1,1,1,0,1
1,1,0,1,1
1,0,1,1,1
0,1,1,1,1
1,1,1,1,0
1,1,1,0,1
1,1,0,1,1
1,0,1,1,1
1,1,1,1,1
0,1,1,1,1
1,1,1,1,0
0,1,1,0,1
0,1,0,1,0
1,0,1,0,0
0,1,0,0,1
1,0,0,1,0
0,0,1,0,1
0,1,0,1,0
1,0,1,0,0
0,1,0,0,1
1,0,0,1,0
1,0,1,0,1
1,1,0,1,1
1,0,1,1,1
0,1,1,1,1
1,1,1,1,0
1,1,1,0,1
1,1,0,1,1
0,0,1,1,1
1,1,1,1,0
1,1,1,0,1
1,1,0,1,1
1,0,1,1,1
0,1,1,1,1
1,1,1,1,0
0,1,1,0,1
0,1,0,1,0
1,0,1,0,0
0,1,0,0,1
1,0,0,1,0
1,0,1,0,1
1,1,0,1,1
1,0,1,1,1
0,1,1,1,1
1,1,1,1,0
1,1,1,0,1
1,1,0,1,1
1,0,1,1,1
0,1,1,1,1
1,1,1,1,0
1,1,1,0,1
1,1,0,1,1
1,0,1,1,1
0,1,1,1,1
1,1,1,1,0
0,1,1,0,1
0,1,0,1,0
1,0,1,0,0
0,1,0,0,1
1,0,0,1,0
1,0,1,0,1
1,1,0,1,1
1,0,1,1,1
0,1,1,1,1
1,1,1,1,0
1,1,1,0,1
1,1,0,1,1
1,0,1,1,1
0,1,1,1,1
1,1,1,1,0
1,1,1,0,1
0,1,0,1,1
1,0,1,1,0
1,1,1,0,1
1,1,0,1,1
1,0,1,1,1
0,1,1,1,1
1,1,1,1,0
1,1,1,0,1
1,1,0,1,1
1,0,1,1,1
1,1,1,1,1
0,1,1,1,1
1,1,1,1,0
1,1,1,0,1
0,1,0,1,1
0,0,1,1,0
0,1,1,0,0
1,1,0,0,0
0,0,0,0,1
1,0,0,1,0
0,0,1,0,1
0,1,0,1,0
1,0,1,0,0
0,1,0,0,1
1,0,0,1,0
0,0,1,0,1
0,1,0,1,0
1,0,1,0,0
0,1,0,0,1
0,0,0,1,0
1,0,1,0,0
0,1,0,0,1
1,0,0,1,0
0,0,1,0,1
0,1,0,1,0
1,0,1,0,0
0,1,0,0,1
1,0,0,1,0
0,0,1,0,1
0,1,0,1,0
1,0,1,0,0
0,1,0,0,1
1,0,0,1,0
1,0,1,0,1
1,1,0,1,1
1,0,1,1,1
0,1,1,1,1
0,1,1,1,0
0,1,1,0,0
1,1,0,0,0
1,0,0,0,1
0,0,0,1,1
0,0,1,1,0
0,1,1,0,0
1,1,0,0,0
1,0,0,0,1
0,0,0,1,1
1,0,1,1,0
1,1,1,0,1
1,1,0,1,1
1,0,1,1,1
0,1,1,1,1
0,1,1,1,0
0,1,1,0,0
0,1,0,0,0
0,0,0,0,0
0,0,0,0,0
0,0,0,0,0
0,0,0,0,0
0,0,0,0,0
0,0,0,0,0
0,0,0,0,0
0,0,0,0,0
0,0,0,0,0
1,0,0,0,0
1,0,0,0,1
0,0,0,1,1
0,0,1,1,0
0,1,1,0,0
1,1,0,0,0
1,0,0,0,1
0,0,0,1,1
0,0,1,1,0
0,1,1,0,0
1,1,0,0,0
1,0,0,0,1
0,0,0,1,1
1,0,1,1,0
1,1,1,0,1
0,1,0,1,1
0,0,1,1,0
0,1,1,0,0
1,1,0,0,0
1,0,0,0,1
0,0,0,1,1
0,0,1,1,0
0,1,1,0,0
1,1,0,0,0
1,0,0,0,1
0,0,0,1,1
0,0,1,1,0
0,1,1,0,0
1,1,0,0,0
1,0,0,0,1
0,0,0,1,1
0,0,1,1,0
0,1,1,0,0
1,1,0,0,0
1,0,0,0,1
0,0,0,1,1
0,0,1,1,0
0,1,1,0,0
1,1,0,0,0
1,0,0,0,1
1,0,0,1,1
0,0,1,1,1
1,1,1,1,0
1,1,1,0,1
1,1,0,1,1
0,0,1,1,1
1,1,1,1,0
1,1,1,0,1
1,1,0,1,1
1,0,1,1,1
0,1,1,1,1
0,1,1,1,0
0,1,1,0,0
1,1,0,0,0
1,0,0,0,1
1,0,0,1,1
1,0,1,1,1
0,1,1,1,1
1,1,1,1,0
1,1,1,0,1
1,1,0,1,1
1,0,1,1,1
0,1,1,1,1
1,1,1,1,0
1,1,1,0,1
1,1,0,1,1
1,0,1,1,1
0,1,1,1,1
1,1,1,1,0
1,1,1,0,1
1,1,0,1,1
1,0,1,1,1
0,1,1,1,1
1,1,1,1,0
1,1,1,0,1
1,1,0,1,1
0,0,1,1,1
1,1,1,1,0
1,1,1,0,1
1,1,0,1,1
0,0,1,1,1
1,1,1,1,0
1,1,1,0,1
1,1,0,1,1
1,0,1,1,1
0,1,1,1,1
1,1,1,1,0
1,1,1,0,1
1,1,0,1,1
0,0,1,1,1
1,1,1,1,0
1,1,1,0,1
1,1,0,1,1
1,0,1,1,1
1,1,1,1,1
1,1,1,1,1
0,1,1,1,1
0,1,1,1,0
0,1,1,0,0
1,1,0,0,0
1,0,0,0,1
0,0,0,1,1
1,0,1,1,0
1,1,1,0,1
1,1,0,1,1
1,0,1,1,1
0,1,1,1,1
1,1,1,1,0
1,1,1,0,1
1,1,0,1,1
1,0,1,1,1
0,1,1,1,1
0,1,1,1,0
0,1,1,0,0
1,1,0,0,0
1,0,0,0,1
0,0,0,1,1
1,0,1,1,0
1,1,1,0,1
1,1,0,1,1
0,0,1,1,1
1,1,1,1,0
1,1,1,0,1
1,1,0,1,1
1,0,1,1,1
0,1,1,1,1
1,1,1,1,0
1,1,1,0,1
1,1,0,1,1
1,0,1,1,1
0,1,1,1,1
1,1,1,1,0
1,1,1,0,1
1,1,0,1,1
1,0,1,1,1
0,1,1,1,1
0,1,1,1,0
1,1,1,0,0
0,1,0,0,1
0,0,0,1,0
1,0,1,0,0
0,1,0,0,1
0,0,0,1,0
1,0,1,0,0
0,1,0,0,1
1,0,0,1,0
0,0,1,0,1
0,1,0,1,0
1,0,1,0,0
1,1,0,0,1
0,0,0,1,1
1,0,1,1,0
1,1,1,0,1
1,1,0,1,1
1,0,1,1,1
0,1,1,1,1
1,1,1,1,0
1,1,1,0,1
1,1,0,1,1
1,0,1,1,1
0,1,1,1,1
1,1,1,1,0
1,1,1,0,1
1,1,0,1,1
1,0,1,1,1
0,1,1,1,1
1,1,1,1,0
1,1,1,0,1
0,1,0,1,1
0,0,1,1,0
0,1,1,0,0
1,1,0,0,0
1,0,0,0,1
0,0,0,1,1
0,0,1,1,0
0,1,1,0,0
1,1,0,0,0
1,0,0,0,1
0,0,0,1,1
0,0,1,1,0
0,1,1,0,0
1,1,0,0,0
1,0,0,0,1
0,0,0,1,1
1,0,1,1,0
0,1,1,0,1
0,1,0,1,0
1,0,1,0,0
0,1,0,0,1
1,0,0,1,0
0,0,1,0,1
0,1,0,1,0
1,0,1,0,0
1,1,0,0,1
0,0,0,1,1
0,0,1,1,0
0,1,1,0,0
1,1,0,0,0
1,0,0,0,1
0,0,0,1,1
0,0,1,1,0
1,1,1,0,0
0,1,0,0,1
1,0,0,1,0
0,0,1,0,1
0,1,0,1,0
1,0,1,0,0
0,1,0,0,1
1,0,0,1,0
0,0,1,0,1
0,1,0,1,0
0,0,1,0,0
1,1,0,0,0
1,0,0,0,1
1,0,0,1,1
1,0,1,1,1
0,1,1,1,1
1,1,1,1,0
1,1,1,0,1
1,1,0,1,1
1,0,1,1,1
0,1,1,1,1
1,1,1,1,0
1,1,1,0,1
1,1,0,1,1
1,0,1,1,1
0,1,1,1,1
1,1,1,1,0
0,1,1,0,1
0,1,0,1,0
1,0,1,0,0
1,1,0,0,1
0,0,0,1,1
0,0,1,1,0
0,1,1,0,0
0,1,0,0,0
1,0,0,0,0
1,0,0,0,1
1,0,0,1,1
1,0,1,1,1
0,1,1,1,1
1,1,1,1,0
0,1,1,0,1
0,1,0,1,0
1,0,1,0,0
0,1,0,0,1
1,0,0,1,0
0,0,1,0,1
0,1,0,1,0
1,0,1,0,0
1,1,0,0,1
0,0,0,1,1
0,0,1,1,0
0,1,1,0,0
0,1,0,0,0
0,0,0,0,0
1,0,0,0,0
1,0,0,0,1
0,0,0,1,1
0,0,1,1,0
0,1,1,0,0
1,1,0,0,0
1,0,0,0,1
0,0,0,1,1
0,0,1,1,0
0,1,1,0,0
1,1,0,0,0
1,0,0,0,1
0,0,0,1,1
0,0,1,1,0
0,1,1,0,0
1,1,0,0,0
0,0,0,0,1
1,0,0,1,0
0,0,1,0,1
0,1,0,1,0
1,0,1,0,0
0,1,0,0,1
1,0,0,1,0
0,0,1,0,1
1,1,0,1,0
1,0,1,0,1
1,1,0,1,1
1,0,1,1,1
0,1,1,1,1
1,1,1,1,0
1,1,1,0,1
1,1,0,1,1
1,0,1,1,1
0,1,1,1,1
1,1,1,1,0
0,1,1,0,1
0,1,0,1,0
1,0,1,0,0
0,1,0,0,1
0,0,0,1,0
1,0,1,0,0
0,1,0,0,1
1,0,0,1,0
0,0,1,0,1
0,1,0,1,0
1,0,1,0,0
1,1,0,0,1
0,0,0,1,1
0,0,1,1,0
0,1,1,0,0
1,1,0,0,0
1,0,0,0,1
0,0,0,1,1
0,0,1,1,0
0,1,1,0,0
1,1,0,0,0
1,0,0,0,1
1,0,0,1,1
1,0,1,1,1
1,1,1,1,1
0,1,1,1,1
1,1,1,1,0
1,1,1,0,1
1,1,0,1,1
1,0,1,1,1
0,1,1,1,1
0,1,1,1,0
0,1,1,0,0
1,1,0,0,0
1,0,0,0,1
0,0,0,1,1
0,0,1,1,0
0,1,1,0,0
1,1,0,0,0
0,0,0,0,1
1,0,0,1,0
0,0,1,0,1
0,1,0,1,0
1,0,1,0,0
0,1,0,0,1
0,0,0,1,0
1,0,1,0,0
1,1,0,0,1
0,0,0,1,1
0,0,1,1,0
0,1,1,0,0
1,1,0,0,0
1,0,0,0,1
0,0,0,1,1
0,0,1,1,0
0,1,1,0,0
1,1,0,0,0
1,0,0,0,1
0,0,0,1,1
0,0,1,1,0
0,1,1,0,0
1,1,0,0,0
1,0,0,0,1
0,0,0,1,1
0,0,1,1,0
1,1,1,0,0
0,1,0,0,1
1,0,0,1,0
0,0,1,0,1
0,1,0,1,0
1,0,1,0,0
0,1,0,0,1
1,0,0,1,0
0,0,1,0,1
0,1,0,1,0
1,0,1,0,0
0,1,0,0,1
1,0,0,1,0
0,0,1,0,1
0,1,0,1,0
1,0,1,0,0
0,1,0,0,1
1,0,0,1,0
0,0,1,0,1
1,1,0,1,0
0,0,1,0,1
0,1,0,1,0
1,0,1,0,0
1,1,0,0,1
0,0,0,1,1
0,0,1,1,0
0,1,1,0,0
1,1,0,0,0
1,0,0,0,1
0,0,0,1,1
0,0,1,1,0
0,1,1,0,0
1,1,0,0,0
1,0,0,0,1
0,0,0,1,1
1,0,1,1,0
1,1,1,0,1
1,1,0,1,1
0,0,1,1,1
1,1,1,1,0
1,1,1,0,1
1,1,0,1,1
1,0,1,1,1
0,1,1,1,1
1,1,1,1,0
1,1,1,0,1
1,1,0,1,1
1,0,1,1,1
0,1,1,1,1
0,1,1,1,0
0,1,1,0,0
0,1,0,0,0
0,0,0,0,0
0,0,0,0,0
1,0,0,0,0
1,0,0,0,1
0,0,0,1,1
0,0,1,1,0
0,1,1,0,0
0,1,0,0,0
0,0,0,0,0
1,0,0,0,0
1,0,0,0,1
0,0,0,1,1
0,0,1,1,0
0,1,1,0,0
1,1,0,0,0
1,0,0,0,1
0,0,0,1,1
0,0,1,1,0
0,1,1,0,0
1,1,0,0,0
1,0,0,0,1
0,0,0,1,1
0,0,1,1,0
0,1,1,0,0
0,1,0,0,0
0,0,0,0,0
1,0,0,0,0
1,0,0,0,1
0,0,0,1,1
0,0,1,1,0
0,1,1,0,0
1,1,0,0,0
1,0,0,0,1
0,0,0,1,1
0,0,1,1,0
0,1,1,0,0
1,1,0,0,0
1,0,0,0,1
0,0,0,1,1
0,0,1,1,0
0,1,1,0,0
1,1,0,0,0
1,0,0,0,1
0,0,0,1,1
0,0,1,1,0
0,1,1,0,0
1,1,0,0,0
1,0,0,0,1
0,0,0,1,1
0,0,1,1,0
0,1,1,0,0
1,1,0,0,0
1,0,0,0,1
1,0,0,1,1
1,0,1,1,1
0,1,1,1,1
1,1,1,1,0
1,1,1,0,1
1,1,0,1,1
1,0,1,1,1
1,1,1,1,1
0,1,1,1,1
1,1,1,1,0
0,1,1,0,1
0,1,0,1,0
1,0,1,0,0
1,1,0,0,1
0,0,0,1,1
0,0,1,1,0
0,1,1,0,0
0,1,0,0,0
0,0,0,0,0
0,0,0,0,0
0,0,0,0,0
0,0,0,0,0
1,0,0,0,0
1,0,0,0,1
1,0,0,1,1
1,0,1,1,1
0,1,1,1,1
1,1,1,1,0
0,1,1,0,1
1,1,0,1,0
0,0,1,0,1
0,1,0,1,0
1,0,1,0,0
0,1,0,0,1
0,0,0,1,0
1,0,1,0,0
0,1,0,0,1
1,0,0,1,0
1,0,1,0,1
1,1,0,1,1
1,0,1,1,1
0,1,1,1,1
1,1,1,1,0
1,1,1,0,1
1,1,0,1,1
0,0,1,1,1
1,1,1,1,0
0,1,1,0,1
1,1,0,1,0
1,0,1,0,1
0,1,0,1,1
0,0,1,1,0
1,1,1,0,0
0,1,0,0,1
1,0,0,1,0
1,0,1,0,1
1,1,0,1,1
0,0,1,1,1
0,1,1,1,0
0,1,1,0,0
1,1,0,0,0
1,0,0,0,1
0,0,0,1,1
0,0,1,1,0
0,1,1,0,0
0,1,0,0,0
0,0,0,0,0
0,0,0,0,0
0,0,0,0,0
0,0,0,0,0
0,0,0,0,0
0,0,0,0,0
1,0,0,0,0
1,0,0,0,1
0,0,0,1,1
0,0,1,1,0
0,1,1,0,0
1,1,0,0,0
1,0,0,0,1
0,0,0,1,1
0,0,1,1,0
0,1,1,0,0
1,1,0,0,0
1,0,0,0,1
1,0,0,1,1
1,0,1,1,1
0,1,1,1,1
1,1,1,1,0
0,1,1,0,1
0,1,0,1,0
1,0,1,0,0
0,1,0,0,1
1,0,0,1,0
0,0,1,0,1
0,1,0,1,0
1,0,1,0,0
0,1,0,0,1
1,0,0,1,0
1,0,1,0,1
1,1,0,1,1
1,0,1,1,1
0,1,1,1,1
1,1,1,1,0
0,1,1,0,1
0,1,0,1,0
1,0,1,0,0
0,1,0,0,1
1,0,0,1,0
0,0,1,0,1
1,1,0,1,0
1,0,1,0,1
1,1,0,1,1
0,0,1,1,1
0,1,1,1,0
1,1,1,0,0
0,1,0,0,1
1,0,0,1,0
0,0,1,0,1
1,1,0,1,0
0,0,1,0,1
1,1,0,1,0
0,0,1,0,1
0,1,0,1,0
1,0,1,0,0
0,1,0,0,1
0,0,0,1,0
0,0,1,0,0
1,1,0,0,0
1,0,0,0,1
0,0,0,1,1
0,0,1,1,0
0,1,1,0,0
0,1,0,0,0
0,0,0,0,0
0,0,0,0,0
0,0,0,0,0
0,0,0,0,0
0,0,0,0,0
1,0,0,0,0
1,0,0,0,1
0,0,0,1,1
0,0,1,1,0
1,1,1,0,0
1,1,0,0,1
0,0,0,1,1
0,0,1,1,0
0,1,1,0,0
0,1,0,0,0
1,0,0,0,0
1,0,0,0,1
0,0,0,1,1
0,0,1,1,0
0,1,1,0,0
1,1,0,0,0
1,0,0,0,1
0,0,0,1,1
0,0,1,1,0
0,1,1,0,0
1,1,0,0,0
1,0,0,0,1
0,0,0,1,1
0,0,1,1,0
0,1,1,0,0
1,1,0,0,0
1,0,0,0,1
0,0,0,1,1
0,0,1,1,0
0,1,1,0,0
0,1,0,0,0
1,0,0,0,0
1,0,0,0,1
0,0,0,1,1
0,0,1,1,0
1,1,1,0,0
0,1,0,0,1
1,0,0,1,0
0,0,1,0,1
1,1,0,1,0
0,0,1,0,1
1,1,0,1,0
0,0,1,0,1
1,1,0,1,0
0,0,1,0,1
0,1,0,1,0
1,0,1,0,0
0,1,0,0,1
0,0,0,1,0
1,0,1,0,0
1,1,0,0,1
0,0,0,1,1
0,0,1,1,0
0,1,1,0,0
1,1,0,0,0
1,0,0,0,1
0,0,0,1,1
0,0,1,1,0
0,1,1,0,0
1,1,0,0,0
1,0,0,0,1
0,0,0,1,1
0,0,1,1,0
0,1,1,0,0
1,1,0,0,0
1,0,0,0,1
0,0,0,1,1
1,0,1,1,0
1,1,1,0,1
1,1,0,1,1
1,0,1,1,1
0,1,1,1,1
1,1,1,1,0
1,1,1,0,1
1,1,0,1,1
1,0,1,1,1
0,1,1,1,1
1,1,1,1,0
1,1,1,0,1
1,1,0,1,1
1,0,1,1,1
1,1,1,1,1
0,1,1,1,1
1,1,1,1,0
1,1,1,0,1
1,1,0,1,1
1,0,1,1,1
0,1,1,1,1
1,1,1,1,0
1,1,1,0,1
1,1,0,1,1
1,0,1,1,1
0,1,1,1,1
1,1,1,1,0
1,1,1,0,1
0,1,0,1,1
0,0,1,1,0
0,1,1,0,0
1,1,0,0,0
1,0,0,0,1
0,0,0,1,1
0,0,1,1,0
1,1,1,0,0
0,1,0,0,1
1,0,0,1,0
0,0,1,0,1
0,1,0,1,0
0,0,1,0,0
1,1,0,0,0
1,0,0,0,1
1,0,0,1,1
1,0,1,1,1
1,1,1,1,1
0,1,1,1,1
1,1,1,1,0
1,1,1,0,1
1,1,0,1,1
1,0,1,1,1
0,1,1,1,1
1,1,1,1,0
1,1,1,0,1
1,1,0,1,1
1,0,1,1,1
1,1,1,1,1
0,1,1,1,1
1,1,1,1,0
1,1,1,0,1
1,1,0,1,1
1,0,1,1,1
0,1,1,1,1
1,1,1,1,0
1,1,1,0,1
1,1,0,1,1
1,0,1,1,1
0,1,1,1,1
1,1,1,1,0
1,1,1,0,1
0,1,0,1,1
0,0,1,1,0
1,1,1,0,0
1,1,0,0,1
0,0,0,1,1
0,0,1,1,0
0,1,1,0,0
1,1,0,0,0
1,0,0,0,1
0,0,0,1,1
0,0,1,1,0
0,1,1,0,0
1,1,0,0,0
0,0,0,0,1
1,0,0,1,0
0,0,1,0,1
0,1,0,1,0
1,0,1,0,0
0,1,0,0,1
1,0,0,1,0
0,0,1,0,1
1,1,0,1,0
1,0,1,0,1
1,1,0,1,1
1,0,1,1,1
0,1,1,1,1
1,1,1,1,0
1,1,1,0,1
1,1,0,1,1
1,0,1,1,1
0,1,1,1,1
0,1,1,1,0
0,1,1,0,0
1,1,0,0,0
1,0,0,0,1
0,0,0,1,1
0,0,1,1,0
1,1,1,0,0
0,1,0,0,1
1,0,0,1,0
0,0,1,0,1
0,1,0,1,0
1,0,1,0,0
0,1,0,0,1
1,0,0,1,0
0,0,1,0,1
0,1,0,1,0
0,0,1,0,0
1,1,0,0,0
0,0,0,0,1
1,0,0,1,0
0,0,1,0,1
0,1,0,1,0
0,0,1,0,0
1,1,0,0,0
1,0,0,0,1
1,0,0,1,1
1,0,1,1,1
0,1,1,1,1
1,1,1,1,0
1,1,1,0,1
1,1,0,1,1
1,0,1,1,1
0,1,1,1,1
1,1,1,1,0
1,1,1,0,1
1,1,0,1,1
1,0,1,1,1
0,1,1,1,1
1,1,1,1,0
1,1,1,0,1
1,1,0,1,1
1,0,1,1,1
0,1,1,1,1
1,1,1,1,0
1,1,1,0,1
0,1,0,1,1
0,0,1,1,0
0,1,1,0,0
1,1,0,0,0
1,0,0,0,1
1,0,0,1,1
1,0,1,1,1
0,1,1,1,1
1,1,1,1,0
1,1,1,0,1
1,1,0,1,1
1,0,1,1,1
0,1,1,1,1
1,1,1,1,0
1,1,1,0,1
1,1,0,1,1
1,0,1,1,1
0,1,1,1,1
1,1,1,1,0
1,1,1,0,1
0,1,0,1,1
0,0,1,1,0
0,1,1,0,0
1,1,0,0,0
1,0,0,0,1
1,0,0,1,1
0,0,1,1,1
1,1,1,1,0
1,1,1,0,1
0,1,0,1,1
1,0,1,1,0
1,1,1,0,1
1,1,0,1,1
1,0,1,1,1
0,1,1,1,1
1,1,1,1,0
1,1,1,0,1
0,1,0,1,1
1,0,1,1,0
1,1,1,0,1
1,1,0,1,1
1,0,1,1,1
0,1,1,1,1
1,1,1,1,0
1,1,1,0,1
1,1,0,1,1
1,0,1,1,1
0,1,1,1,1
1,1,1,1,0
1,1,1,0,1
1,1,0,1,1
1,0,1,1,1
0,1,1,1,1
1,1,1,1,0
1,1,1,0,1
1,1,0,1,1
1,0,1,1,1
0,1,1,1,1
0,1,1,1,0
0,1,1,0,0
1,1,0,0,0
1,0,0,0,1
0,0,0,1,1
0,0,1,1,0
0,1,1,0,0
0,1,0,0,0
0,0,0,0,0
0,0,0,0,0
0,0,0,0,0
0,0,0,0,0
0,0,0,0,0
0,0,0,0,0
1,0,0,0,0
1,0,0,0,1
0,0,0,1,1
0,0,1,1,0
0,1,1,0,0
1,1,0,0,0
1,0,0,0,1
1,0,0,1,1
1,0,1,1,1
0,1,1,1,1
1,1,1,1,0
1,1,1,0,1
0,1,0,1,1
0,0,1,1,0
0,1,1,0,0
1,1,0,0,0
1,0,0,0,1
0,0,0,1,1
0,0,1,1,0
0,1,1,0,0
1,1,0,0,0
1,0,0,0,1
0,0,0,1,1
0,0,1,1,0
0,1,1,0,0
1,1,0,0,0
1,0,0,0,1
0,0,0,1,1
0,0,1,1,0
1,1,1,0,0
0,1,0,0,1
1,0,0,1,0
1,0,1,0,1
1,1,0,1,1
1,0,1,1,1
1,1,1,1,1
0,1,1,1,1
1,1,1,1,0
0,1,1,0,1
0,1,0,1,0
1,0,1,0,0
0,1,0,0,1
1,0,0,1,0
0,0,1,0,1
0,1,0,1,0
1,0,1,0,0
0,1,0,0,1
1,0,0,1,0
0,0,1,0,1
0,1,0,1,0
1,0,1,0,0
0,1,0,0,1
0,0,0,1,0
1,0,1,0,0
0,1,0,0,1
1,0,0,1,0
0,0,1,0,1
0,1,0,1,0
1,0,1,0,0
0,1,0,0,1
1,0,0,1,0
0,0,1,0,1
0,1,0,1,0
0,0,1,0,0
1,1,0,0,0
1,0,0,0,1
1,0,0,1,1
1,0,1,1,1
1,1,1,1,1
0,1,1,1,1
1,1,1,1,0
1,1,1,0,1
1,1,0,1,1
0,0,1,1,1
0,1,1,1,0
1,1,1,0,0
0,1,0,0,1
1,0,0,1,0
0,0,1,0,1
0,1,0,1,0
1,0,1,0,0
1,1,0,0,1
0,0,0,1,1
0,0,1,1,0
0,1,1,0,0
1,1,0,0,0
1,0,0,0,1
0,0,0,1,1
0,0,1,1,0
0,1,1,0,0
1,1,0,0,0
1,0,0,0,1
0,0,0,1,1
0,0,1,1,0
0,1,1,0,0
1,1,0,0,0
1,0,0,0,1
0,0,0,1,1
0,0,1,1,0
0,1,1,0,0
1,1,0,0,0
1,0,0,0,1
0,0,0,1,1
0,0,1,1,0
0,1,1,0,0
1,1,0,0,0
1,0,0,0,1
0,0,0,1,1
0,0,1,1,0
1,1,1,0,0
0,1,0,0,1
1,0,0,1,0
0,0,1,0,1
0,1,0,1,0
1,0,1,0,0
0,1,0,0,1
1,0,0,1,0
0,0,1,0,1
0,1,0,1,0
1,0,1,0,0
0,1,0,0,1
0,0,0,1,0
1,0,1,0,0
1,1,0,0,1
0,0,0,1,1
0,0,1,1,0
1,1,1,0,0
0,1,0,0,1
1,0,0,1,0
1,0,1,0,1
1,1,0,1,1
1,0,1,1,1
0,1,1,1,1
1,1,1,1,0
1,1,1,0,1
1,1,0,1,1
0,0,1,1,1
1,1,1,1,0
0,1,1,0,1
1,1,0,1,0
0,0,1,0,1
0,1,0,1,0
1,0,1,0,0
0,1,0,0,1
0,0,0,1,0
0,0,1,0,0
1,1,0,0,0
1,0,0,0,1
0,0,0,1,1
0,0,1,1,0
0,1,1,0,0
1,1,0,0,0
0,0,0,0,1
1,0,0,1,0
1,0,1,0,1
1,1,0,1,1
1,0,1,1,1
0,1,1,1,1
1,1,1,1,0
1,1,1,0,1
1,1,0,1,1
1,0,1,1,1
0,1,1,1,1
1,1,1,1,0
1,1,1,0,1
1,1,0,1,1
1,0,1,1,1
0,1,1,1,1
1,1,1,1,0
0,1,1,0,1
1,1,0,1,0
0,0,1,0,1
0,1,0,1,0
1,0,1,0,0
0,1,0,0,1
1,0,0,1,0
0,0,1,0,1
0,1,0,1,0
1,0,1,0,0
1,1,0,0,1
0,0,0,1,1
0,0,1,1,0
0,1,1,0,0
1,1,0,0,0
1,0,0,0,1
0,0,0,1,1
0,0,1,1,0
0,1,1,0,0
1,1,0,0,0
0,0,0,0,1
1,0,0,1,0
1,0,1,0,1
1,1,0,1,1
0,0,1,1,1
1,1,1,1,0
1,1,1,0,1
1,1,0,1,1
1,0,1,1,1
0,1,1,1,1
1,1,1,1,0
1,1,1,0,1
1,1,0,1,1
1,0,1,1,1
0,1,1,1,1
1,1,1,1,0
1,1,1,0,1
1,1,0,1,1
1,0,1,1,1
0,1,1,1,1
1,1,1,1,0
1,1,1,0,1
1,1,0,1,1
1,0,1,1,1
0,1,1,1,1
0,1,1,1,0
0,1,1,0,0
1,1,0,0,0
0,0,0,0,1
0,0,0,1,0
0,0,1,0,0
0,1,0,0,0
0,0,0,0,0
0,0,0,0,0
0,0,0,0,0
0,0,0,0,0
1,0,0,0,0
1,0,0,0,1
0,0,0,1,1
0,0,1,1,0
0,1,1,0,0
0,1,0,0,0
0,0,0,0,0
0,0,0,0,0
0,0,0,0,0
0,0,0,0,0
0,0,0,0,0
0,0,0,0,0
0,0,0,0,0
0,0,0,0,0
0,0,0,0,0
0,0,0,0,0
0,0,0,0,0
0,0,0,0,0
0,0,0,0,0
0,0,0,0,0
0,0,0,0,0
0,0,0,0,0
0,0,0,0,0
0,0,0,0,0
0,0,0,0,0
1,0,0,0,0
0,0,0,0,1
1,0,0,1,0
0,0,1,0,1
0,1,0,1,0
1,0,1,0,0
0,1,0,0,1
1,0,0,1,0
0,0,1,0,1
1,1,0,1,0
0,0,1,0,1
0,1,0,1,0
0,0,1,0,0
0,1,0,0,0
1,0,0,0,0
1,0,0,0,1
0,0,0,1,1
0,0,1,1,0
1,1,1,0,0
0,1,0,0,1
1,0,0,1,0
1,0,1,0,1
1,1,0,1,1
1,0,1,1,1
0,1,1,1,1
1,1,1,1,0
1,1,1,0,1
1,1,0,1,1
0,0,1,1,1
1,1,1,1,0
1,1,1,0,1
1,1,0,1,1
1,0,1,1,1
1,1,1,1,1
0,1,1,1,1
1,1,1,1,0
1,1,1,0,1
0,1,0,1,1
0,0,1,1,0
0,1,1,0,0
1,1,0,0,0
0,0,0,0,1
1,0,0,1,0
1,0,1,0,1
1,1,0,1,1
0,0,1,1,1
1,1,1,1,0
1,1,1,0,1
0,1,0,1,1
1,0,1,1,0
1,1,1,0,1
1,1,0,1,1
0,0,1,1,1
1,1,1,1,0
1,1,1,0,1
1,1,0,1,1
1,0,1,1,1
0,1,1,1,1
0,1,1,1,0
0,1,1,0,0
1,1,0,0,0
1,0,0,0,1
0,0,0,1,1
0,0,1,1,0
1,1,1,0,0
1,1,0,0,1
1,0,0,1,1
1,0,1,1,1
0,1,1,1,1
0,1,1,1,0
1,1,1,0,0
0,1,0,0,1
1,0,0,1,0
1,0,1,0,1
1,1,0,1,1
1,0,1,1,1
0,1,1,1,1
0,1,1,1,0
0,1,1,0,0
1,1,0,0,0
1,0,0,0,1
1,0,0,1,1
0,0,1,1,1
1,1,1,1,0
1,1,1,0,1
1,1,0,1,1
1,0,1,1,1
0,1,1,1,1
1,1,1,1,0
1,1,1,0,1
1,1,0,1,1
1,0,1,1,1
0,1,1,1,1
1,1,1,1,0
1,1,1,0,1
1,1,0,1,1
1,0,1,1,1
0,1,1,1,1
1,1,1,1,0
1,1,1,0,1
1,1,0,1,1
1,0,1,1,1
0,1,1,1,1
1,1,1,1,0
1,1,1,0,1
1,1,0,1,1
1,0,1,1,1
0,1,1,1,1
1,1,1,1,0
1,1,1,0,1
1,1,0,1,1
1,0,1,1,1
0,1,1,1,1
1,1,1,1,0
1,1,1,0,1
1,1,0,1,1
1,0,1,1,1
0,1,1,1,1
1,1,1,1,0
1,1,1,0,1
1,1,0,1,1
1,0,1,1,1
1,1,1,1,1
1,1,1,1,1
0,1,1,1,1
1,1,1,1,0
0,1,1,0,1
0,1,0,1,0
1,0,1,0,0
0,1,0,0,1
0,0,0,1,0
1,0,1,0,0
0,1,0,0,1
1,0,0,1,0
0,0,1,0,1
1,1,0,1,0
0,0,1,0,1
0,1,0,1,0
1,0,1,0,0
0,1,0,0,1
1,0,0,1,0
0,0,1,0,1
0,1,0,1,0
1,0,1,0,0
0,1,0,0,1
1,0,0,1,0
1,0,1,0,1
1,1,0,1,1
1,0,1,1,1
0,1,1,1,1
1,1,1,1,0
1,1,1,0,1
1,1,0,1,1
1,0,1,1,1
0,1,1,1,1
1,1,1,1,0
1,1,1,0,1
0,1,0,1,1
0,0,1,1,0
0,1,1,0,0
1,1,0,0,0
1,0,0,0,1
0,0,0,1,1
0,0,1,1,0
0,1,1,0,0
0,1,0,0,0
0,0,0,0,0
0,0,0,0,0
0,0,0,0,0
1,0,0,0,0
1,0,0,0,1
0,0,0,1,1
0,0,1,1,0
0,1,1,0,0
1,1,0,0,0
1,0,0,0,1
1,0,0,1,1
1,0,1,1,1
0,1,1,1,1
1,1,1,1,0
1,1,1,0,1
0,1,0,1,1
0,0,1,1,0
0,1,1,0,0
0,1,0,0,0
0,0,0,0,0
0,0,0,0,0
1,0,0,0,0
1,0,0,0,1
0,0,0,1,1
0,0,1,1,0
0,1,1,0,0
0,1,0,0,0
0,0,0,0,0
1,0,0,0,0
1,0,0,0,1
0,0,0,1,1
0,0,1,1,0
0,1,1,0,0
0,1,0,0,0
0,0,0,0,0
0,0,0,0,0
1,0,0,0,0
1,0,0,0,1
0,0,0,1,1
0,0,1,1,0
0,1,1,0,0
1,1,0,0,0
1,0,0,0,1
0,0,0,1,1
0,0,1,1,0
0,1,1,0,0
